Type,data1,data2
1,4.591086242685158,3.64870098852401
2,4.655438435685915,3.1288913747143945
3,4.392114459211732,4.055815046648895
4,4.3654051765608575,3.2210391336995055
5,4.400813257567301,3.6063755354366687
